{
    "name": "root",
    "children": [
        {
            "name": "Integrity",
            "children": [
                {
                    "name": "averageAudioMosDl",
                    "children": [
                        {
                            "name": "Sessions Per Audio Mos Class",
                            "attribute1": "counter",
                            "value": 3.75
                        },
                        {
                            "name": "Users Per Audio Mos Class",
                            "attribute1": "counter",
                            "value": 3.75
                        },
                        {
                            "name": "Users Data Sessions",
                            "attribute1": "counter",
                            "value": 3.75
                        },
                        {
                            "name": "Data Sessions",
                            "attribute1": "counter",
                            "value": 3.75
                        }
                    ]
                },
                {
                    "name": "averageHttpThroughputPerUserDl",
                    "children": [
                        {
                            "name": "Successful HTTP Responses",
                            "attribute1": "counter",
                            "value": 3.75
                        },
                        {
                            "name": "Users HTTP Throughput Dl Threshold Violation",
                            "attribute1": "counter",
                            "value": 3.75
                        },
                        {
                            "name": "Users HTTP Responses",
                            "attribute1": "counter",
                            "value": 3.75
                        },
                        {
                            "name": "HTTP Responses With Throughput Dl Threshold Violation",
                            "attribute1": "counter",
                            "value": 3.75
                        },
                        {
                            "name": "HTTP Requests",
                            "attribute1": "counter",
                            "value": 3.75
                        },
                        {
                            "name": "HTTP Responses Per Throughput Dl",
                            "attribute1": "counter",
                            "value": 3.75
                        },
                        {
                            "name": "Users HTTP Responses Per Throughput Dl",
                            "attribute1": "counter",
                            "value": 3.75
                        },
                        {
                            "name": "Users HTTP Requests",
                            "attribute1": "counter",
                            "value": 3.75
                        },
                        {
                            "name": "HTTP Responses",
                            "attribute1": "counter",
                            "value": 3.75
                        },
                        {
                            "name": "Users Successful HTTP Responses",
                            "attribute1": "counter",
                            "value": 3.75
                        }
                    ]
                },
                {
                    "name": "averageHttpThroughputPerUserUl",
                    "children": [
                        {
                            "name": "Users HTTP Responses Per Throughput Ul",
                            "attribute1": "counter",
                            "value": 3.75
                        },
                        {
                            "name": "HTTP Responses Per Throughput Ul",
                            "attribute1": "counter",
                            "value": 3.75
                        },
                        {
                            "name": "Users HTTP Throughput Ul Threshold Violation",
                            "attribute1": "counter",
                            "value": 3.75
                        },
                        {
                            "name": "HTTP Responses With Throughput Ul Threshold Violation",
                            "attribute1": "counter",
                            "value": 3.75
                        },
                        {
                            "name": "Successful HTTP Responses",
                            "attribute1": "counter",
                            "value": 3.75
                        },
                        {
                            "name": "Users HTTP Requests",
                            "attribute1": "counter",
                            "value": 3.75
                        },
                        {
                            "name": "HTTP Responses",
                            "attribute1": "counter",
                            "value": 3.75
                        },
                        {
                            "name": "Users Successful HTTP Responses",
                            "attribute1": "counter",
                            "value": 3.75
                        },
                        {
                            "name": "HTTP Requests",
                            "attribute1": "counter",
                            "value": 3.75
                        },
                        {
                            "name": "Users HTTP Responses",
                            "attribute1": "counter",
                            "value": 3.75
                        }
                    ]
                },
                {
                    "name": "averageJitterDl",
                    "children": [
                        {
                            "name": "Packet Jitter Dl",
                            "attribute1": "counter",
                            "value": 3.75
                        },
                        {
                            "name": "Users Tcp Packets Transmitted Dl",
                            "attribute1": "counter",
                            "value": 3.75
                        },
                        {
                            "name": "Users Average Jitter Dl Threshold Violation",
                            "attribute1": "counter",
                            "value": 3.75
                        },
                        {
                            "name": "Users Packet Jitter Dl",
                            "attribute1": "counter",
                            "value": 3.75
                        },
                        {
                            "name": "Average Jitter Dl Threshold Violation",
                            "attribute1": "counter",
                            "value": 3.75
                        }
                    ]
                },
                {
                    "name": "averageJitterUl",
                    "children": [
                        {
                            "name": "Packet Jitter Ul",
                            "attribute1": "counter",
                            "value": 3.75
                        },
                        {
                            "name": "Users Tcp Packets Transmitted Ul",
                            "attribute1": "counter",
                            "value": 3.75
                        },
                        {
                            "name": "Average Jitter Ul Threshold Violation",
                            "attribute1": "counter",
                            "value": 3.75
                        },
                        {
                            "name": "Users Packet Jitter Ul",
                            "attribute1": "counter",
                            "value": 3.75
                        },
                        {
                            "name": "Users Average Jitter Ul Threshold Violation",
                            "attribute1": "counter",
                            "value": 3.75
                        }
                    ]
                },
                {
                    "name": "averageVideoMosDl",
                    "children": [
                        {
                            "name": "Sessions Per Video Mos Class",
                            "attribute1": "counter",
                            "value": 3.75
                        },
                        {
                            "name": "Users Data Sessions",
                            "attribute1": "counter",
                            "value": 3.75
                        },
                        {
                            "name": "Users Per Video Mos Class",
                            "attribute1": "counter",
                            "value": 3.75
                        },
                        {
                            "name": "Data Sessions",
                            "attribute1": "counter",
                            "value": 3.75
                        }
                    ]
                },
                {
                    "name": "csImsiAttachFailRate",
                    "children": [
                        {
                            "name": "Cs Imsi Attach Failures",
                            "attribute1": "counter",
                            "value": 3.75
                        },
                        {
                            "name": "Users Cs Imsi Attach Attempts",
                            "attribute1": "counter",
                            "value": 3.75
                        },
                        {
                            "name": "Cs Imsi Attach Attempts",
                            "attribute1": "counter",
                            "value": 3.75
                        },
                        {
                            "name": "Users Cs Imsi Attach Failures",
                            "attribute1": "counter",
                            "value": 3.75
                        }
                    ]
                },
                {
                    "name": "csLocationUpdateFailRate",
                    "children": [
                        {
                            "name": "Cs Location Update Failures",
                            "attribute1": "counter",
                            "value": 3.75
                        },
                        {
                            "name": "Users Cs Location Update Attempts",
                            "attribute1": "counter",
                            "value": 3.75
                        },
                        {
                            "name": "Cs Location Update Attempts",
                            "attribute1": "counter",
                            "value": 3.75
                        },
                        {
                            "name": "Users Cs Location Update Failures",
                            "attribute1": "counter",
                            "value": 3.75
                        }
                    ]
                },
                {
                    "name": "csMos",
                    "children": [
                        {
                            "name": "Cs Call Answer",
                            "attribute1": "counter",
                            "value": 3.75
                        },
                        {
                            "name": "Userscs Call Answer",
                            "attribute1": "counter",
                            "value": 3.75
                        },
                        {
                            "name": "Users Cs Call Answer Per Mos Class",
                            "attribute1": "counter",
                            "value": 3.75
                        },
                        {
                            "name": "Cs Call Answer Per Mos Class",
                            "attribute1": "counter",
                            "value": 3.75
                        }
                    ]
                },
                {
                    "name": "tcpPacketRetransmissionRateDl",
                    "children": [
                        {
                            "name": "Users Tcp Packets Retransmitted Dl",
                            "attribute1": "counter",
                            "value": 3.75
                        },
                        {
                            "name": "Tcp Packets Retransmitted Dl",
                            "attribute1": "counter",
                            "value": 3.75
                        },
                        {
                            "name": "Users Tcp Packets Transmitted Dl",
                            "attribute1": "counter",
                            "value": 3.75
                        },
                        {
                            "name": "Tcp Packets Transmitted Dl",
                            "attribute1": "counter",
                            "value": 3.75
                        }
                    ]
                },
                {
                    "name": "tcpPacketRetransmissionRateUl",
                    "children": [
                        {
                            "name": "Users Tcp Packets Retransmitted Ul",
                            "attribute1": "counter",
                            "value": 3.75
                        },
                        {
                            "name": "Users Tcp Packets Transmitted Ul",
                            "attribute1": "counter",
                            "value": 3.75
                        },
                        {
                            "name": "Tcp Packets Retransmitted Ul",
                            "attribute1": "counter",
                            "value": 3.75
                        },
                        {
                            "name": "Tcp Packets Transmitted Ul",
                            "attribute1": "counter",
                            "value": 3.75
                        }
                    ]
                },
                {
                    "name": "voLteMos",
                    "children": [
                        {
                            "name": "voLTE Call Answer Per Mos Class",
                            "attribute1": "counter",
                            "value": 3.75
                        },
                        {
                            "name": "UsersvoLTE Call Answer Per Mos Class",
                            "attribute1": "counter",
                            "value": 3.75
                        },
                        {
                            "name": "Users voLTE Call Answer",
                            "attribute1": "counter",
                            "value": 3.75
                        },
                        {
                            "name": "voLTE Call Answer",
                            "attribute1": "counter",
                            "value": 3.75
                        }
                    ]
                }
            ]
        },
        {
            "name": "Mobility",
            "children": [
                {
                    "name": "psHoDelay",
                    "children": [
                        {
                            "name": "Users Ps Ho Response Per Delay",
                            "attribute1": "counter",
                            "value": 1.0227272729999999
                        },
                        {
                            "name": "Ps Ho Response Per Delay",
                            "attribute1": "counter",
                            "value": 1.0227272729999999
                        },
                        {
                            "name": "Ps Ho With Response Time Threshold Violation",
                            "attribute1": "counter",
                            "value": 1.0227272729999999
                        },
                        {
                            "name": "Users Ps Ho With Response Time Threshold Violation",
                            "attribute1": "counter",
                            "value": 1.0227272729999999
                        },
                        {
                            "name": "Users Ps Ho Responses",
                            "attribute1": "counter",
                            "value": 1.0227272729999999
                        },
                        {
                            "name": "Ps Ho Responses",
                            "attribute1": "counter",
                            "value": 1.0227272729999999
                        }
                    ]
                },
                {
                    "name": "psHoSuccessRate",
                    "children": [
                        {
                            "name": "Users Ps Ho Responses",
                            "attribute1": "counter",
                            "value": 1.0227272729999999
                        },
                        {
                            "name": "Users Ps Ho Attempts",
                            "attribute1": "counter",
                            "value": 1.0227272729999999
                        },
                        {
                            "name": "Users Ps Ho Failed Responses",
                            "attribute1": "counter",
                            "value": 1.0227272729999999
                        },
                        {
                            "name": "Ps Ho Failed Responses",
                            "attribute1": "counter",
                            "value": 1.0227272729999999
                        },
                        {
                            "name": "Ps Ho Attempts",
                            "attribute1": "counter",
                            "value": 1.0227272729999999
                        },
                        {
                            "name": "Users Ps Ho Attempts With Timeout",
                            "attribute1": "counter",
                            "value": 1.0227272729999999
                        },
                        {
                            "name": "Ps Ho Attempts With Timeout",
                            "attribute1": "counter",
                            "value": 1.0227272729999999
                        },
                        {
                            "name": "Ps Ho Responses",
                            "attribute1": "counter",
                            "value": 1.0227272729999999
                        }
                    ]
                },
                {
                    "name": "psRauDelay",
                    "children": [
                        {
                            "name": "Users Ps Rau Response Per Delay",
                            "attribute1": "counter",
                            "value": 1.0227272729999999
                        },
                        {
                            "name": "Users Ps Rau With Response Time Threshold Violation",
                            "attribute1": "counter",
                            "value": 1.0227272729999999
                        },
                        {
                            "name": "Ps Rau Response Per Delay",
                            "attribute1": "counter",
                            "value": 1.0227272729999999
                        },
                        {
                            "name": "Ps Rau Responses",
                            "attribute1": "counter",
                            "value": 1.0227272729999999
                        },
                        {
                            "name": "Users Ps Rau Responses",
                            "attribute1": "counter",
                            "value": 1.0227272729999999
                        },
                        {
                            "name": "Ps Rau With Response Time Threshold Violation",
                            "attribute1": "counter",
                            "value": 1.0227272729999999
                        }
                    ]
                },
                {
                    "name": "psRauSuccessRate",
                    "children": [
                        {
                            "name": "Ps Rau Responses",
                            "attribute1": "counter",
                            "value": 1.0227272729999999
                        },
                        {
                            "name": "Users Ps Rau Attempts With Timeout",
                            "attribute1": "counter",
                            "value": 1.0227272729999999
                        },
                        {
                            "name": "Users Ps Rau Failed Responses",
                            "attribute1": "counter",
                            "value": 1.0227272729999999
                        },
                        {
                            "name": "Users Ps Rau Responses",
                            "attribute1": "counter",
                            "value": 1.0227272729999999
                        },
                        {
                            "name": "Ps Rau Attempts With Timeout",
                            "attribute1": "counter",
                            "value": 1.0227272729999999
                        },
                        {
                            "name": "Ps Rau Attempts",
                            "attribute1": "counter",
                            "value": 1.0227272729999999
                        },
                        {
                            "name": "Ps Rau Failed Responses",
                            "attribute1": "counter",
                            "value": 1.0227272729999999
                        },
                        {
                            "name": "Users Ps Rau Attempts",
                            "attribute1": "counter",
                            "value": 1.0227272729999999
                        }
                    ]
                },
                {
                    "name": "psTauDelay",
                    "children": [
                        {
                            "name": "Ps Tau With Response Time Threshold Violation",
                            "attribute1": "counter",
                            "value": 1.0227272729999999
                        },
                        {
                            "name": "Users Ps Tau Response Per Delay",
                            "attribute1": "counter",
                            "value": 1.0227272729999999
                        },
                        {
                            "name": "Ps Tau Responses",
                            "attribute1": "counter",
                            "value": 1.0227272729999999
                        },
                        {
                            "name": "Users Ps Tau Responses",
                            "attribute1": "counter",
                            "value": 1.0227272729999999
                        },
                        {
                            "name": "Ps Tau Response Per Delay",
                            "attribute1": "counter",
                            "value": 1.0227272729999999
                        },
                        {
                            "name": "Users Ps Tau With Response Time Threshold Violation",
                            "attribute1": "counter",
                            "value": 1.0227272729999999
                        }
                    ]
                },
                {
                    "name": "psTauSuccessRate",
                    "children": [
                        {
                            "name": "Users Ps Tau Failed Responses",
                            "attribute1": "counter",
                            "value": 1.0227272729999999
                        },
                        {
                            "name": "Ps Tau Failed Responses",
                            "attribute1": "counter",
                            "value": 1.0227272729999999
                        },
                        {
                            "name": "Users Ps Tau Responses",
                            "attribute1": "counter",
                            "value": 1.0227272729999999
                        },
                        {
                            "name": "Ps Tau Attempts With Timeout",
                            "attribute1": "counter",
                            "value": 1.0227272729999999
                        },
                        {
                            "name": "Failed Ps Tau Attempts Emm",
                            "attribute1": "counter",
                            "value": 1.0227272729999999
                        },
                        {
                            "name": "Ps Tau Attempts",
                            "attribute1": "counter",
                            "value": 1.0227272729999999
                        },
                        {
                            "name": "Ps Tau Attempts Emm",
                            "attribute1": "counter",
                            "value": 1.0227272729999999
                        },
                        {
                            "name": "Users Ps Tau Attempts With Timeout",
                            "attribute1": "counter",
                            "value": 1.0227272729999999
                        },
                        {
                            "name": "Users Ps Tau Attempts",
                            "attribute1": "counter",
                            "value": 1.0227272729999999
                        },
                        {
                            "name": "Ps Tau Responses",
                            "attribute1": "counter",
                            "value": 1.0227272729999999
                        }
                    ]
                }
            ]
        },
        {
            "name": "Network Accessibility",
            "children": [
                {
                    "name": "psAttachDelay",
                    "children": [
                        {
                            "name": "Users Ps Attach With Response Time Threshold Violation",
                            "attribute1": "counter",
                            "value": 0.535714286
                        },
                        {
                            "name": "Ps Attach With Response Time Threshold Violation",
                            "attribute1": "counter",
                            "value": 0.535714286
                        },
                        {
                            "name": "Ps Attach Responses",
                            "attribute1": "counter",
                            "value": 0.535714286
                        },
                        {
                            "name": "Ps Attach Response Per Delay",
                            "attribute1": "counter",
                            "value": 0.535714286
                        },
                        {
                            "name": "Users Ps Attach Responses",
                            "attribute1": "counter",
                            "value": 0.535714286
                        },
                        {
                            "name": "Users Ps Attach Response Per Delay",
                            "attribute1": "counter",
                            "value": 0.535714286
                        }
                    ]
                },
                {
                    "name": "psAttachSuccessRate",
                    "children": [
                        {
                            "name": "Users Ps Attach Attempts With Timeout",
                            "attribute1": "counter",
                            "value": 0.535714286
                        },
                        {
                            "name": "Ps Attach Attempts With Timeout",
                            "attribute1": "counter",
                            "value": 0.535714286
                        },
                        {
                            "name": "Users Ps Attach Failed Responses",
                            "attribute1": "counter",
                            "value": 0.535714286
                        },
                        {
                            "name": "Users Ps Attach Attempts",
                            "attribute1": "counter",
                            "value": 0.535714286
                        },
                        {
                            "name": "Users Ps Attach Responses",
                            "attribute1": "counter",
                            "value": 0.535714286
                        },
                        {
                            "name": "Ps Attach Failed Responses",
                            "attribute1": "counter",
                            "value": 0.535714286
                        },
                        {
                            "name": "Ps Attach Attempts",
                            "attribute1": "counter",
                            "value": 0.535714286
                        },
                        {
                            "name": "Ps Attach Responses",
                            "attribute1": "counter",
                            "value": 0.535714286
                        }
                    ]
                },
                {
                    "name": "psInitialContextSetupDelay",
                    "children": [
                        {
                            "name": "Users Ps Initial Context Setup Responses",
                            "attribute1": "counter",
                            "value": 0.535714286
                        },
                        {
                            "name": "Ps Initial Context Setup Responses",
                            "attribute1": "counter",
                            "value": 0.535714286
                        },
                        {
                            "name": "Ps Initial Context Setup With Response Time Threshold Violation",
                            "attribute1": "counter",
                            "value": 0.535714286
                        },
                        {
                            "name": "Users Ps Initial Context Setup Response Per Delay",
                            "attribute1": "counter",
                            "value": 0.535714286
                        },
                        {
                            "name": "Ps Initial Context Setup Response Per Delay",
                            "attribute1": "counter",
                            "value": 0.535714286
                        },
                        {
                            "name": "Users Ps Initial Context Setup With Response Time Threshold Violation",
                            "attribute1": "counter",
                            "value": 0.535714286
                        }
                    ]
                },
                {
                    "name": "psInitialContextSetupSuccessRate",
                    "children": [
                        {
                            "name": "Ps Initial Context Setup Attempts",
                            "attribute1": "counter",
                            "value": 0.535714286
                        },
                        {
                            "name": "Ps Initial Context Setup Responses",
                            "attribute1": "counter",
                            "value": 0.535714286
                        },
                        {
                            "name": "Users Ps Initial Context Setup Attempts With Timeout",
                            "attribute1": "counter",
                            "value": 0.535714286
                        },
                        {
                            "name": "Ps Initial Context Setup Attempts With Timeout",
                            "attribute1": "counter",
                            "value": 0.535714286
                        },
                        {
                            "name": "Ps Initial Context Setup Failed Responses",
                            "attribute1": "counter",
                            "value": 0.535714286
                        },
                        {
                            "name": "Users Ps Initial Context Setup Responses",
                            "attribute1": "counter",
                            "value": 0.535714286
                        },
                        {
                            "name": "Users Ps Initial Context Setup Attempts",
                            "attribute1": "counter",
                            "value": 0.535714286
                        },
                        {
                            "name": "Users Ps Initial Context Setup Failed Responses",
                            "attribute1": "counter",
                            "value": 0.535714286
                        }
                    ]
                },
                {
                    "name": "psPdpContextActivationDelay",
                    "children": [
                        {
                            "name": "Ps Pdp Context Activation Response Per Delay",
                            "attribute1": "counter",
                            "value": 0.535714286
                        },
                        {
                            "name": "Ps Pdp Context Activation With Response Time Threshold Violation",
                            "attribute1": "counter",
                            "value": 0.535714286
                        },
                        {
                            "name": "Users Ps Pdp Context Activation With Response Time Threshold Violation",
                            "attribute1": "counter",
                            "value": 0.535714286
                        },
                        {
                            "name": "Ps Pdp Context Activation Responses",
                            "attribute1": "counter",
                            "value": 0.535714286
                        },
                        {
                            "name": "Users Ps Pdp Context Activation Response Per Delay",
                            "attribute1": "counter",
                            "value": 0.535714286
                        },
                        {
                            "name": "Users Ps Pdp Context Activation Responses",
                            "attribute1": "counter",
                            "value": 0.535714286
                        }
                    ]
                },
                {
                    "name": "psPdpContextActivationSuccessRate",
                    "children": [
                        {
                            "name": "Ps Pdp Context Activation Attempts With Timeout",
                            "attribute1": "counter",
                            "value": 0.535714286
                        },
                        {
                            "name": "Users Ps Pdp Context Activation Attempts With Timeout",
                            "attribute1": "counter",
                            "value": 0.535714286
                        },
                        {
                            "name": "Users Ps Pdp Context Activation Failed Responses",
                            "attribute1": "counter",
                            "value": 0.535714286
                        },
                        {
                            "name": "Users Ps Pdp Context Activation Responses",
                            "attribute1": "counter",
                            "value": 0.535714286
                        },
                        {
                            "name": "Users Ps Pdp Context Activation Attempts",
                            "attribute1": "counter",
                            "value": 0.535714286
                        },
                        {
                            "name": "Ps Pdp Context Activation Responses",
                            "attribute1": "counter",
                            "value": 0.535714286
                        },
                        {
                            "name": "Ps Pdp Context Activation Failed Responses",
                            "attribute1": "counter",
                            "value": 0.535714286
                        },
                        {
                            "name": "Ps Pdp Context Activation Attempts",
                            "attribute1": "counter",
                            "value": 0.535714286
                        }
                    ]
                },
                {
                    "name": "psS1mmeDedicatedEpsBearerContextActivationDelay",
                    "children": [
                        {
                            "name": "Users Ps S1Mme Dedicated Eps Bearer Context Activation With Response Time Threshold Violation",
                            "attribute1": "counter",
                            "value": 0.535714286
                        },
                        {
                            "name": "Ps S1Mme Dedicated Eps Bearer Context Activation Response Per Delay",
                            "attribute1": "counter",
                            "value": 0.535714286
                        },
                        {
                            "name": "Users Ps S1Mme Dedicated Eps Bearer Context Activation Response Per Delay",
                            "attribute1": "counter",
                            "value": 0.535714286
                        },
                        {
                            "name": "Users Ps S1Mme Dedicated Eps Bearer Context Activation Responses",
                            "attribute1": "counter",
                            "value": 0.535714286
                        },
                        {
                            "name": "Ps S1Mme Dedicated Eps Bearer Context Activation With Response Time Threshold Violation",
                            "attribute1": "counter",
                            "value": 0.535714286
                        },
                        {
                            "name": "Ps S1Mme Dedicated Eps Bearer Context Activation Responses",
                            "attribute1": "counter",
                            "value": 0.535714286
                        }
                    ]
                },
                {
                    "name": "psS1mmeDedicatedEpsBearerContextActivationSuccessRate",
                    "children": [
                        {
                            "name": "Users Ps S1Mme Dedicated Eps Bearer Context Activation Attempts",
                            "attribute1": "counter",
                            "value": 0.535714286
                        },
                        {
                            "name": "Ps S1Mme Dedicated Eps Bearer Context Activation Attempts",
                            "attribute1": "counter",
                            "value": 0.535714286
                        },
                        {
                            "name": "Ps S1Mme Dedicated Eps Bearer Context Activation Attempts With Timeout",
                            "attribute1": "counter",
                            "value": 0.535714286
                        },
                        {
                            "name": "Ps S1Mme Dedicated Eps Bearer Context Activation Responses",
                            "attribute1": "counter",
                            "value": 0.535714286
                        },
                        {
                            "name": "Users Ps S1Mme Dedicated Eps Bearer Context Activation Attempts With Timeout",
                            "attribute1": "counter",
                            "value": 0.535714286
                        },
                        {
                            "name": "Users Ps S1Mme Dedicated Eps Bearer Context Activation Responses",
                            "attribute1": "counter",
                            "value": 0.535714286
                        },
                        {
                            "name": "Users Ps S1Mme Dedicated Eps Bearer Context Activation Failed Responses",
                            "attribute1": "counter",
                            "value": 0.535714286
                        },
                        {
                            "name": "Ps S1Mme Dedicated Eps Bearer Context Activation Failed Responses",
                            "attribute1": "counter",
                            "value": 0.535714286
                        }
                    ]
                },
                {
                    "name": "psS1mmeDefaultEpsBearerContextActivationDelay",
                    "children": [
                        {
                            "name": "Users Ps S1Mme Default Eps Bearer Context Activation Responses",
                            "attribute1": "counter",
                            "value": 0.535714286
                        },
                        {
                            "name": "Users Ps S1Mme Default Eps Bearer Context Activation Response Per Delay",
                            "attribute1": "counter",
                            "value": 0.535714286
                        },
                        {
                            "name": "Ps S1Mme Default Eps Bearer Context Activation With Response Time Threshold Violation",
                            "attribute1": "counter",
                            "value": 0.535714286
                        },
                        {
                            "name": "Users Ps S1Mme Default Eps Bearer Context Activation With Response Time Threshold Violation",
                            "attribute1": "counter",
                            "value": 0.535714286
                        },
                        {
                            "name": "Ps S1Mme Default Eps Bearer Context Activation Response Per Delay",
                            "attribute1": "counter",
                            "value": 0.535714286
                        },
                        {
                            "name": "Ps S1Mme Default Eps Bearer Context Activation Responses",
                            "attribute1": "counter",
                            "value": 0.535714286
                        }
                    ]
                },
                {
                    "name": "psS1mmeDefaultEpsBearerContextActivationSuccessRate",
                    "children": [
                        {
                            "name": "Users Ps S1Mme Default Eps Bearer Context Activation Attempts",
                            "attribute1": "counter",
                            "value": 0.535714286
                        },
                        {
                            "name": "Users Ps S1Mme Default Eps Bearer Context Activation Failed Responses",
                            "attribute1": "counter",
                            "value": 0.535714286
                        },
                        {
                            "name": "Ps S1Mme Default Eps Bearer Context Activation Attempts",
                            "attribute1": "counter",
                            "value": 0.535714286
                        },
                        {
                            "name": "Ps S1Mme Default Eps Bearer Context Activation Attempts With Timeout",
                            "attribute1": "counter",
                            "value": 0.535714286
                        },
                        {
                            "name": "Users Ps S1Mme Default Eps Bearer Context Activation Responses",
                            "attribute1": "counter",
                            "value": 0.535714286
                        },
                        {
                            "name": "Ps S1Mme Default Eps Bearer Context Activation Responses",
                            "attribute1": "counter",
                            "value": 0.535714286
                        },
                        {
                            "name": "Ps S1Mme Default Eps Bearer Context Activation Failed Responses",
                            "attribute1": "counter",
                            "value": 0.535714286
                        },
                        {
                            "name": "Users Ps S1Mme Default Eps Bearer Context Activation Attempts With Timeout",
                            "attribute1": "counter",
                            "value": 0.535714286
                        }
                    ]
                },
                {
                    "name": "psS1mmeServiceRequestDelay",
                    "children": [
                        {
                            "name": "Ps S1Mme Service Request Response Per Delay",
                            "attribute1": "counter",
                            "value": 0.535714286
                        },
                        {
                            "name": "Ps S1Mme Service Request With Response Time Threshold Violation",
                            "attribute1": "counter",
                            "value": 0.535714286
                        },
                        {
                            "name": "Users Ps S1Mme Service Request Responses",
                            "attribute1": "counter",
                            "value": 0.535714286
                        },
                        {
                            "name": "Users Ps S1Mme Service Request Response Per Delay",
                            "attribute1": "counter",
                            "value": 0.535714286
                        },
                        {
                            "name": "Users Ps S1Mme Service Request With Response Time Threshold Violation",
                            "attribute1": "counter",
                            "value": 0.535714286
                        },
                        {
                            "name": "Ps S1Mme Service Request Responses",
                            "attribute1": "counter",
                            "value": 0.535714286
                        }
                    ]
                },
                {
                    "name": "psS1mmeServiceRequestSuccessRate",
                    "children": [
                        {
                            "name": "Users Ps S1Mme Service Request Attempts",
                            "attribute1": "counter",
                            "value": 0.535714286
                        },
                        {
                            "name": "Ps S1Mme Service Request Failed Responses",
                            "attribute1": "counter",
                            "value": 0.535714286
                        },
                        {
                            "name": "Ps S1Mme Service Request Attempts",
                            "attribute1": "counter",
                            "value": 0.535714286
                        },
                        {
                            "name": "Ps S1Mme Service Request Attempts With Timeout",
                            "attribute1": "counter",
                            "value": 0.535714286
                        },
                        {
                            "name": "Users Ps S1Mme Service Request Responses",
                            "attribute1": "counter",
                            "value": 0.535714286
                        },
                        {
                            "name": "Users Ps S1Mme Service Request Attempts With Timeout",
                            "attribute1": "counter",
                            "value": 0.535714286
                        },
                        {
                            "name": "Users Ps S1Mme Service Request Failed Responses",
                            "attribute1": "counter",
                            "value": 0.535714286
                        },
                        {
                            "name": "Ps S1Mme Service Request Responses",
                            "attribute1": "counter",
                            "value": 0.535714286
                        }
                    ]
                }
            ]
        },
        {
            "name": "Retainability",
            "children": [
                {
                    "name": "averageStallCount",
                    "children": [
                        {
                            "name": "Stalling Events",
                            "attribute1": "counter",
                            "value": 1.730769231
                        },
                        {
                            "name": "Users Successful HTTP Responses",
                            "attribute1": "counter",
                            "value": 1.730769231
                        },
                        {
                            "name": "Users Stalling Events",
                            "attribute1": "counter",
                            "value": 1.730769231
                        },
                        {
                            "name": "Users Succesful HTTP Responses",
                            "attribute1": "counter",
                            "value": 1.730769231
                        }
                    ]
                },
                {
                    "name": "averageStallTime",
                    "children": [
                        {
                            "name": "Stalling Events Per Stall Time",
                            "attribute1": "counter",
                            "value": 1.730769231
                        },
                        {
                            "name": "Average Stall Time Threshold Violation",
                            "attribute1": "counter",
                            "value": 1.730769231
                        },
                        {
                            "name": "Users Stalling Events Per Stall Time",
                            "attribute1": "counter",
                            "value": 1.730769231
                        },
                        {
                            "name": "Users Average Stall Time Threshold Violation",
                            "attribute1": "counter",
                            "value": 1.730769231
                        },
                        {
                            "name": "Users Stalling Events",
                            "attribute1": "counter",
                            "value": 1.730769231
                        }
                    ]
                },
                {
                    "name": "csDropCallRate",
                    "children": [
                        {
                            "name": "Cs Call Answer",
                            "attribute1": "counter",
                            "value": 1.730769231
                        },
                        {
                            "name": "Cs Drop Call",
                            "attribute1": "counter",
                            "value": 1.730769231
                        },
                        {
                            "name": "Users Cs Call Answer",
                            "attribute1": "counter",
                            "value": 1.730769231
                        },
                        {
                            "name": "Users Cs Drop Call",
                            "attribute1": "counter",
                            "value": 1.730769231
                        }
                    ]
                },
                {
                    "name": "stallTimeRate",
                    "children": [
                        {
                            "name": "Stall Duration",
                            "attribute1": "counter",
                            "value": 1.730769231
                        },
                        {
                            "name": "Video Duration",
                            "attribute1": "counter",
                            "value": 1.730769231
                        },
                        {
                            "name": "Users Successful HTTP Responses",
                            "attribute1": "counter",
                            "value": 1.730769231
                        }
                    ]
                },
                {
                    "name": "tcpPacketLossRate",
                    "children": [
                        {
                            "name": "Tcp Packets Transmitted Dl",
                            "attribute1": "counter",
                            "value": 1.730769231
                        },
                        {
                            "name": "Users Tcp Packets Transmitted Ul",
                            "attribute1": "counter",
                            "value": 1.730769231
                        },
                        {
                            "name": "Tcp Packets Transmitted Ul",
                            "attribute1": "counter",
                            "value": 1.730769231
                        },
                        {
                            "name": "Lost Tcp Packets",
                            "attribute1": "counter",
                            "value": 1.730769231
                        },
                        {
                            "name": "Users Lost Tcp Packets",
                            "attribute1": "counter",
                            "value": 1.730769231
                        },
                        {
                            "name": "Users Tcp Packets Transmitted Dl",
                            "attribute1": "counter",
                            "value": 1.730769231
                        }
                    ]
                },
                {
                    "name": "voLteDropCallRate",
                    "children": [
                        {
                            "name": "voLTE Call Answer",
                            "attribute1": "counter",
                            "value": 1.730769231
                        },
                        {
                            "name": "Users voLTE Drop Call",
                            "attribute1": "counter",
                            "value": 1.730769231
                        },
                        {
                            "name": "voLTE Drop Call",
                            "attribute1": "counter",
                            "value": 1.730769231
                        },
                        {
                            "name": "Users voLTE Call Answer",
                            "attribute1": "counter",
                            "value": 1.730769231
                        }
                    ]
                }
            ]
        },
        {
            "name": "Service Accessibility",
            "children": [
                {
                    "name": "averageApplicationResponseTime",
                    "children": [
                        {
                            "name": "HTTP Requests",
                            "attribute1": "counter",
                            "value": 0.865384615
                        },
                        {
                            "name": "HTTP Responses With Response Time Threshold Violation",
                            "attribute1": "counter",
                            "value": 0.865384615
                        },
                        {
                            "name": "HTTP Responses Per Delay",
                            "attribute1": "counter",
                            "value": 0.865384615
                        },
                        {
                            "name": "Users HTTP Responses Per Delay",
                            "attribute1": "counter",
                            "value": 0.865384615
                        },
                        {
                            "name": "Users HTTP Responses",
                            "attribute1": "counter",
                            "value": 0.865384615
                        },
                        {
                            "name": "HTTP Responses",
                            "attribute1": "counter",
                            "value": 0.865384615
                        },
                        {
                            "name": "Users HTTP Requests",
                            "attribute1": "counter",
                            "value": 0.865384615
                        },
                        {
                            "name": "Users HTTP Response Time Threshold Violation",
                            "attribute1": "counter",
                            "value": 0.865384615
                        }
                    ]
                },
                {
                    "name": "averageTimeToStart",
                    "children": [
                        {
                            "name": "HTTP Responses With Time To Start Threshold Violation",
                            "attribute1": "counter",
                            "value": 0.865384615
                        },
                        {
                            "name": "Users HTTP Responses With Time To Start Threshold Violation",
                            "attribute1": "counter",
                            "value": 0.865384615
                        },
                        {
                            "name": "Users Successful HTTP Responses",
                            "attribute1": "counter",
                            "value": 0.865384615
                        },
                        {
                            "name": "HTTP Responses Per Time To Start",
                            "attribute1": "counter",
                            "value": 0.865384615
                        },
                        {
                            "name": "Users HTTP Responses Per Time To Start",
                            "attribute1": "counter",
                            "value": 0.865384615
                        },
                        {
                            "name": "Successful HTTP Responses",
                            "attribute1": "counter",
                            "value": 0.865384615
                        }
                    ]
                },
                {
                    "name": "csAverageCallSetupDelay",
                    "children": [
                        {
                            "name": "Users Cs Call Setup Attempts",
                            "attribute1": "counter",
                            "value": 0.865384615
                        },
                        {
                            "name": "Cs Average Call Setup Per Delay Threshold Violation",
                            "attribute1": "counter",
                            "value": 0.865384615
                        },
                        {
                            "name": "Users Cs Average Call Setup Per Delay",
                            "attribute1": "counter",
                            "value": 0.865384615
                        },
                        {
                            "name": "Userscs Average Call Setup Per Delay Threshold Violation",
                            "attribute1": "counter",
                            "value": 0.865384615
                        },
                        {
                            "name": "Cs Call Setup Attempts",
                            "attribute1": "counter",
                            "value": 0.865384615
                        },
                        {
                            "name": "Cs Average Call Setup Per Delay",
                            "attribute1": "counter",
                            "value": 0.865384615
                        },
                        {
                            "name": "Cs Call Setup Attempts Per Delay",
                            "attribute1": "counter",
                            "value": 0.865384615
                        }
                    ]
                },
                {
                    "name": "csCallSetupFailRate",
                    "children": [
                        {
                            "name": "Userscs Call Setup Failures",
                            "attribute1": "counter",
                            "value": 0.865384615
                        },
                        {
                            "name": "Cs Call Setup Attempts",
                            "attribute1": "counter",
                            "value": 0.865384615
                        },
                        {
                            "name": "Users Cs Call Setup Attempts",
                            "attribute1": "counter",
                            "value": 0.865384615
                        },
                        {
                            "name": "Cs Call Setup Failures",
                            "attribute1": "counter",
                            "value": 0.865384615
                        }
                    ]
                },
                {
                    "name": "httpResponseFailRate",
                    "children": [
                        {
                            "name": "Users HTTP Requests With Timeout",
                            "attribute1": "counter",
                            "value": 0.865384615
                        },
                        {
                            "name": "Users HTTP Responses",
                            "attribute1": "counter",
                            "value": 0.865384615
                        },
                        {
                            "name": "HTTP Responses",
                            "attribute1": "counter",
                            "value": 0.865384615
                        },
                        {
                            "name": "HTTP Requests With Timeout",
                            "attribute1": "counter",
                            "value": 0.865384615
                        },
                        {
                            "name": "Users Failed HTTP Responses",
                            "attribute1": "counter",
                            "value": 0.865384615
                        },
                        {
                            "name": "HTTP Requests",
                            "attribute1": "counter",
                            "value": 0.865384615
                        },
                        {
                            "name": "Failed HTTP Responses",
                            "attribute1": "counter",
                            "value": 0.865384615
                        },
                        {
                            "name": "Users HTTP Requests",
                            "attribute1": "counter",
                            "value": 0.865384615
                        }
                    ]
                },
                {
                    "name": "voLteCallSetupFailRate",
                    "children": [
                        {
                            "name": "voLTE Call Setup Failures",
                            "attribute1": "counter",
                            "value": 0.865384615
                        },
                        {
                            "name": "voLTE Call Setup Attempts",
                            "attribute1": "counter",
                            "value": 0.865384615
                        },
                        {
                            "name": "Users voLTE Call Setup Failures",
                            "attribute1": "counter",
                            "value": 0.865384615
                        },
                        {
                            "name": "Users voLTE Call Setup Attempts",
                            "attribute1": "counter",
                            "value": 0.865384615
                        }
                    ]
                },
                {
                    "name": "voLteConnectionDelay",
                    "children": [
                        {
                            "name": "voLTE Connection Per Delay Threshold Violation",
                            "attribute1": "counter",
                            "value": 0.865384615
                        },
                        {
                            "name": "Users voLTE Connection Per Delay Threshold Violation",
                            "attribute1": "counter",
                            "value": 0.865384615
                        },
                        {
                            "name": "Users voLTE Call Setup Attempts",
                            "attribute1": "counter",
                            "value": 0.865384615
                        },
                        {
                            "name": "Users voLTE Connection Per Delay",
                            "attribute1": "counter",
                            "value": 0.865384615
                        },
                        {
                            "name": "voLTE Call Setup Attempts",
                            "attribute1": "counter",
                            "value": 0.865384615
                        },
                        {
                            "name": "voLTE Connection Per Delay",
                            "attribute1": "counter",
                            "value": 0.865384615
                        }
                    ]
                },
                {
                    "name": "voLteRegistrationFailRate",
                    "children": [
                        {
                            "name": "voLTE Connection Delay",
                            "attribute1": "counter",
                            "value": 0.865384615
                        },
                        {
                            "name": "Users voLTE Registration Attempts",
                            "attribute1": "counter",
                            "value": 0.865384615
                        },
                        {
                            "name": "Users voLTE Registration Failures",
                            "attribute1": "counter",
                            "value": 0.865384615
                        },
                        {
                            "name": "voLTE Registration Attempts",
                            "attribute1": "counter",
                            "value": 0.865384615
                        },
                        {
                            "name": "voLTE Registration Failures",
                            "attribute1": "counter",
                            "value": 0.865384615
                        }
                    ]
                },
                {
                    "name": "voLteSrvccFailRate",
                    "children": [
                        {
                            "name": "Users voLTE Srvcc Failures",
                            "attribute1": "counter",
                            "value": 0.865384615
                        },
                        {
                            "name": "voLTE Srvcc Failures",
                            "attribute1": "counter",
                            "value": 0.865384615
                        },
                        {
                            "name": "voLTE Srvcc Attempts",
                            "attribute1": "counter",
                            "value": 0.865384615
                        },
                        {
                            "name": "Users voLTE Srvcc Attempts",
                            "attribute1": "counter",
                            "value": 0.865384615
                        }
                    ]
                }
            ]
        },
        {
            "name": "Usage",
            "children": [
                {
                    "name": "tcpVolumeDl",
                    "children": [
                        {
                            "name": "Users Tcp Packets Transmitted Dl",
                            "attribute1": "counter",
                            "value": 22.5
                        }
                    ]
                },
                {
                    "name": "tcpVolumeUl",
                    "children": [
                        {
                            "name": "Users Tcp Packets Transmitted Ul",
                            "attribute1": "counter",
                            "value": 22.5
                        }
                    ]
                }
            ]
        }
    ]
}